objectID,title,artist,department,objectDate,medium,image_path
398746,"Self-Portrait, from ""Image de divers hommes: The true effigies of the most eminent Painters""",Wenceslaus Hollar,Drawings and Prints,17th century,Etching; third state of five,images/398746.jpg
361509,Weceslaus Hollar,Wenceslaus Hollar,Drawings and Prints,1649,Etching; second state of five,images/361509.jpg
361300,Stefano della Bella,Wenceslaus Hollar,Drawings and Prints,1649,Etching; second state of five (NH),images/361300.jpg
464419,Plaque with the Baptism of Jesus,,Medieval Art,ca. 1150–75,"Champlevé enamel, copper alloy, gilt",images/464419.jpg
357387,"The Faerie Queene, A Poem in Six Books with the Fragment Mutabilitie: Book I",Edmund Spenser,Drawings and Prints,1894–97,Illustrations: woodcuts,images/357387.jpg
573446,Seated Statue of the Steward Sehetepibreankh,,Egyptian Art,ca. 1919–1885 B.C.,Limestone,images/573446.jpg
552999,"Relief, Nebhepetre Mentuhotep's wives, shrine",,Egyptian Art,ca. 2051–2030 B.C.,Limestone,images/552999.jpg
193506,Processional cross,,European Sculpture and Decorative Arts,ca. 1460–80,"Partly gilt silver, niello, and copper with traces of gilding, over wood",images/193506.jpg
251468,Terracotta amphora (jar),Praxias Group,Greek and Roman Art,ca. 480–460 BCE,Terracotta,images/251468.jpg
549335,Hes Vase with the name of Ramesses IV,,Egyptian Art,ca. 1153–1147 B.C.,Unalloyed copper,images/549335.jpg
436003,The Young Bather,Gustave Courbet,European Paintings,1866,Oil on canvas,images/436003.jpg
11759,The True American,Enoch Wood Perry,The American Wing,ca. 1874,Oil on canvas,images/11759.jpg
590607,Fragment from scene of Queen Neferu having her hair done - see 26.3.353-5,,Egyptian Art,ca. 2051–2030 B.C.,"Limestone, paint",images/590607.jpg
435711,An Egyptian Peasant Woman and Her Child,Léon Bonnat,European Paintings,1869–70,Oil on canvas,images/435711.jpg
764091,Our Lady of Valvanera,Unknown,The American Wing,ca. 1770–80,Oil and gold on canvas,images/764091.jpg
469887,Martyrdom of Saint Lawrence,,The Cloisters,ca. 1180,"Pot-metal glass, vitreous paint",images/469887.jpg
472562,The Fieschi Morgan Staurotheke,,Medieval Art,early 9th century,"Gilded silver, gold, enamel worked in cloisonné, and niello",images/472562.jpg
544207,Sarcophagus of the Hathor Priestess Henhenet,,Egyptian Art,ca. 2051–2030 B.C.,"Limestone, sandstone, paint",images/544207.jpg
552927,"Middle Kingdom statuette, reinscribed for Harsiese High Priest of Memphis in the Third Intermediate Period",,Egyptian Art,ca. 1981–1550 B.C.; reused dates to about 8th Century  B.C.,Greywacke,images/552927.jpg
248813,Gold necklace,,Greek and Roman Art,late 4th–3rd century BCE,Gold,images/248813.jpg
503519,Side-blown Trumpet,,Musical Instruments,19th century,Ivory,images/503519.jpg
551786,"Book of the Dead of the Priest of Horus, Imhotep (Imuthes)",,Egyptian Art,ca. 332–200 B.C.,"Papyrus, ink",images/551786.jpg
249598,Glass plaque fragment,,Greek and Roman Art,1st century CE,Glass,images/249598.jpg
195223,Display dish with Charles II (1630–1685) in a tree,Thomas Toft,European Sculpture and Decorative Arts,ca. 1680,Slip-decorated earthenware,images/195223.jpg
254968,Gold funerary wreath,,Greek and Roman Art,1st–2nd century CE,Gold,images/254968.jpg
38039,"Mahadevi, the Great Goddess",,Asian Art,ca. 1725,"Ink, opaque watercolor, and silver on paper",images/38039.jpg
544864,"Statuette of a hippo goddess, probably Taweret",,Egyptian Art,332–30 BCE,Glassy faience,images/544864.jpg
448663,Bowl,,Islamic Art,15th century,Stonepaste; painted in blue and black under transparent glaze,images/448663.jpg
204269,Joseph (from a nativity),,The American Wing,18th century (?) possibly later,"Wood, polychromed and gilded; ivory touched up with polychromy (face and shoulders)",images/204269.jpg
204268,Mary (from a nativity),,The American Wing,18th century (?) possibly later,"Wood, polychromed and gilded; ivory touched up with polychromy (face and shoulders)",images/204268.jpg
544453,Head from a Statue of King Amenhotep I,,Egyptian Art,ca. 1525–1504 B.C.,"Sandstone, paint",images/544453.jpg
436492,Saint Christopher and the Infant Christ,Domenico Ghirlandaio (Domenico Bigordi),European Paintings,,Fresco,images/436492.jpg
590874,Tomb Chapel of Raemkai,,Egyptian Art,ca. 2446–2389 B.C.,"Limestone, paint",images/590874.jpg
437382,Vase of Flowers (Pink Background),Odilon Redon,European Paintings,ca. 1906,Oil on canvas,images/437382.jpg
466085,"Capital with Angels Holding the Veil of Saint Veronica, with a Column",,Medieval Art,ca. 1325–75,Limestone with traces of polychromy,images/466085.jpg
544043,Cosmetic Vessel in the Shape of a Dwarf,,Egyptian Art,ca. 1353–1323 B.C.,Travertine (Egyptian alabaster) (?),images/544043.jpg
545439,Model boat,,Egyptian Art,ca. 1981–1802 B.C.,"Wood, paint",images/545439.jpg
729644,"In proof of true love, a watercarrier skeleton arguing with a woman (Posada); two skeleton angels in upper corners (Manilla)",José Guadalupe Posada,Drawings and Prints,ca. 1890–96,Type-metal engraving and letterpress,images/729644.jpg
470307,Plaque with the Pentecost,,The Cloisters,ca. 1150–75,Champlevé and translucent enamel on copper gilt,images/470307.jpg
505819,Ekadandi Vina,,Musical Instruments,19th century,"Jack wood, metal, bone",images/505819.jpg
250556,Marble torso of a youth,,Greek and Roman Art,ca. 118–161 CE,Marble,images/250556.jpg
472756,Reliquary Cross with Christ and the Virgin,,Medieval Art,9th–13th century,Copper alloy,images/472756.jpg
193438,Eternal Spring,Auguste Rodin,European Sculpture and Decorative Arts,"modeled ca. 1881, carved 1907",Marble,images/193438.jpg
546627,Stela fragment depicting Pay adoring Re-Harakhty,,Egyptian Art,ca. 1336–1323 BCE,Limestone,images/546627.jpg
658670,"Vase with ""cloisonné"" decoration (one of a pair)",Minton(s),European Sculpture and Decorative Arts,ca. 1870,Bone china,images/658670.jpg
547902,Priest in a leopard skin cloak with an inscription and Osiris on his skirt,,Egyptian Art,ca. 712–650 B.C.,Leaded bronze,images/547902.jpg
453250,Study of a Bird,Riza-yi 'Abbasi,Islamic Art,dated 1043 AH/1634 CE,"Ink, opaque watercolor, gold, and silver on paper",images/453250.jpg
436241,Cows Crossing a Ford,Jules Dupré,European Paintings,1836,Oil on canvas,images/436241.jpg
643540,Portrait of a Woman,Giovanni Battista Gaulli (Il Baciccio),European Paintings,ca. 1670s,Oil on canvas,images/643540.jpg
464420,Plaque with the Crucifixion,,Medieval Art,ca. 1150–75,"Champlevé and cloisonné enamel, copper alloy, gilt",images/464420.jpg
196497,"Horse Trotting, the Feet Not Touching the Ground",Edgar Degas,European Sculpture and Decorative Arts,"modeled after 1878, cast 1920",Bronze,images/196497.jpg
449723,Imported Luster Bowl,,Islamic Art,10th century,Earthenware; luster-painted on an opaque white glaze,images/449723.jpg
255407,Bronze statuette of a youth dancing,,Greek and Roman Art,late 4th century BCE,Bronze,images/255407.jpg
24320,Saber,,Arms and Armor,1522–66,"Steel, gold, fish skin, wood",images/24320.jpg
267019,"American Barque ""Jane Tudor,"" Conway Bay",David Johnson,Photographs,ca. 1855,Salted paper print from glass negative,images/267019.jpg
322114,Figure of a reclining woman,,Ancient West Asian Art,ca. 2nd century BCE–2nd century CE,Alabaster (gypsum),images/322114.jpg
282043,"Zoe, Maid of Athens",Julia Margaret Cameron,Photographs,1866,Albumen silver print from glass negative,images/282043.jpg
11379,The Muse of Painting,John La Farge,The American Wing,1870,Oil on canvas,images/11379.jpg
624385,Viola,Jacob Stainer,Musical Instruments,ca. 1660,"Spruce, maple, blackwood",images/624385.jpg
764095,"Christ Carrying the Cross, called ""The Lord of the Fall""",Unknown,The American Wing,ca. 1770–75,Oil and gold on canvas,images/764095.jpg
548287,Mummy Bandage Inscribed for Paherer,,Egyptian Art,ca. 750–700 B.C.,Linen,images/548287.jpg
360090,The Toilet,James McNeill Whistler,Drawings and Prints,1878,"Lithotint, with scraping and incising, on a prepared half-tint ground; second state of five",images/360090.jpg
207667,Small desk with folding top (bureau brisé),Alexandre-Jean Oppenordt,European Sculpture and Decorative Arts,ca. 1685,"Oak, pine, walnut veneered with ebony, rosewood, and marquetry of tortoiseshell and engraved brass; gilt bronze and steel",images/207667.jpg
4282,High chest of drawers,,The American Wing,1762–65,"Mahogany, mahogany veneer, yellow pine, yellow poplar, northern white cedar; brass",images/4282.jpg
548614,Kohl Tube in the Shape of a Papyrus Column,,Egyptian Art,ca. 1390–1352 B.C.,Glass,images/548614.jpg
849501,"Jagadhatri, a benign form of Durga-Kali",,Asian Art,1878–83,Lithograph with watercolor on paper,images/849501.jpg
557053,Fragment of a Scarab of a Lady,,Egyptian Art,ca. 1850–1640 B.C.,Light green faience,images/557053.jpg
248466,Bronze statuette of a philosopher on a lamp stand,,Greek and Roman Art,late 1st century BCE,Bronze,images/248466.jpg
544766,"Stela of the royal scribe Amunnakht praising the divine barque of Amun-Re, Lord of the Thrones of the Two Lands",,Egyptian Art,ca. 1184–1070 BCE,"Limestone, pigment",images/544766.jpg
471218,King Louis IX Carrying the Crown of Thorns,,The Cloisters,ca. 1245–48,Pot-metal glass and vitreous paint,images/471218.jpg
625737,Worker Shabti of Nauny,,Egyptian Art,ca. 1050 B.C.,Faience,images/625737.jpg
625744,Worker Shabti of Nauny,,Egyptian Art,ca. 1050 B.C.,Faience,images/625744.jpg
625739,Worker Shabti of Nauny,,Egyptian Art,ca. 1050 B.C.,Faience,images/625739.jpg
625738,Worker Shabti of Nauny,,Egyptian Art,ca. 1050 B.C.,Faience,images/625738.jpg
625750,Worker Shabti of Nauny,,Egyptian Art,ca. 1050 B.C.,Faience,images/625750.jpg
625753,Worker Shabti of Nauny,,Egyptian Art,ca. 1050 B.C.,Faience,images/625753.jpg
625743,Worker Shabti of Nauny,,Egyptian Art,ca. 1050 B.C.,Faience,images/625743.jpg
625733,Worker Shabti of Nauny,,Egyptian Art,ca. 1050 B.C.,Faience,images/625733.jpg
625752,Worker Shabti of Nauny,,Egyptian Art,ca. 1050 B.C.,Faience,images/625752.jpg
625745,Worker Shabti of Nauny,,Egyptian Art,ca. 1050 B.C.,Faience,images/625745.jpg
625734,Worker Shabti of Nauny,,Egyptian Art,ca. 1050 B.C.,Faience,images/625734.jpg
625751,Worker Shabti of Nauny,,Egyptian Art,ca. 1050 B.C.,Faience,images/625751.jpg
625741,Worker Shabti of Nauny,,Egyptian Art,ca. 1050 B.C.,Faience,images/625741.jpg
625749,Worker Shabti of Nauny,,Egyptian Art,ca. 1050 B.C.,Faience,images/625749.jpg
625746,Worker Shabti of Nauny,,Egyptian Art,ca. 1050 B.C.,Faience,images/625746.jpg
625735,Worker Shabti of Nauny,,Egyptian Art,ca. 1050 B.C.,Faience,images/625735.jpg
625740,Worker Shabti of Nauny,,Egyptian Art,ca. 1050 B.C.,Faience,images/625740.jpg
625742,Worker Shabti of Nauny,,Egyptian Art,ca. 1050 B.C.,Faience,images/625742.jpg
625747,Worker Shabti of Nauny,,Egyptian Art,ca. 1050 B.C.,Faience,images/625747.jpg
625736,Worker Shabti of Nauny,,Egyptian Art,ca. 1050 B.C.,Faience,images/625736.jpg
625732,Worker Shabti of Nauny,,Egyptian Art,ca. 1050 B.C.,Faience,images/625732.jpg
625748,Worker Shabti of Nauny,,Egyptian Art,ca. 1050 B.C.,Faience,images/625748.jpg
625811,Worker Shabti of Nauny,,Egyptian Art,ca. 1050 B.C.,Faience,images/625811.jpg
625822,Worker Shabti of Nauny,,Egyptian Art,ca. 1050 B.C.,Faience,images/625822.jpg
625810,Worker Shabti of Nauny,,Egyptian Art,ca. 1050 B.C.,Faience,images/625810.jpg
625857,Worker Shabti of Nauny,,Egyptian Art,ca. 1050 B.C.,Faience,images/625857.jpg
625816,Worker Shabti of Nauny,,Egyptian Art,ca. 1050 B.C.,Faience,images/625816.jpg
625813,Worker Shabti of Nauny,,Egyptian Art,ca. 1050 B.C.,Faience,images/625813.jpg
625812,Worker Shabti of Nauny,,Egyptian Art,ca. 1050 B.C.,Faience,images/625812.jpg
625818,Worker Shabti of Nauny,,Egyptian Art,ca. 1050 B.C.,Faience,images/625818.jpg
625820,Worker Shabti of Nauny,,Egyptian Art,ca. 1050 B.C.,Faience,images/625820.jpg
625821,Worker Shabti of Nauny,,Egyptian Art,ca. 1050 B.C.,Faience,images/625821.jpg
625819,Worker Shabti of Nauny,,Egyptian Art,ca. 1050 B.C.,Faience,images/625819.jpg
625859,Worker Shabti of Nauny,,Egyptian Art,ca. 1050 B.C.,Faience,images/625859.jpg
625860,Worker Shabti of Nauny,,Egyptian Art,ca. 1050 B.C.,Faience,images/625860.jpg
625814,Worker Shabti of Nauny,,Egyptian Art,ca. 1050 B.C.,Faience,images/625814.jpg
625856,Worker Shabti of Nauny,,Egyptian Art,ca. 1050 B.C.,Faience,images/625856.jpg
625861,Worker Shabti of Nauny,,Egyptian Art,ca. 1050 B.C.,Faience,images/625861.jpg
625817,Worker Shabti of Nauny,,Egyptian Art,ca. 1050 B.C.,Faience,images/625817.jpg
625858,Worker Shabti of Nauny,,Egyptian Art,ca. 1050 B.C.,Faience,images/625858.jpg
625823,Worker Shabti of Nauny,,Egyptian Art,ca. 1050 B.C.,Faience,images/625823.jpg
625815,Worker Shabti of Nauny,,Egyptian Art,ca. 1050 B.C.,Faience,images/625815.jpg
625909,Worker Shabti of Nauny,,Egyptian Art,ca. 1050 B.C.,Faience,images/625909.jpg
625910,Worker Shabti of Nauny,,Egyptian Art,ca. 1050 B.C.,Faience,images/625910.jpg
625901,Worker Shabti of Nauny,,Egyptian Art,ca. 1050 B.C.,Faience,images/625901.jpg
625908,Worker Shabti of Nauny,,Egyptian Art,ca. 1050 B.C.,Faience,images/625908.jpg
625911,Worker Shabti of Nauny,,Egyptian Art,ca. 1050 B.C.,Faience,images/625911.jpg
625900,Worker Shabti of Nauny,,Egyptian Art,ca. 1050 B.C.,Faience,images/625900.jpg
625905,Worker Shabti of Nauny,,Egyptian Art,ca. 1050 B.C.,Faience,images/625905.jpg
625902,Worker Shabti of Nauny,,Egyptian Art,ca. 1050 B.C.,Faience,images/625902.jpg
625907,Worker Shabti of Nauny,,Egyptian Art,ca. 1050 B.C.,Faience,images/625907.jpg
625903,Worker Shabti of Nauny,,Egyptian Art,ca. 1050 B.C.,Faience,images/625903.jpg
625906,Worker Shabti of Nauny,,Egyptian Art,ca. 1050 B.C.,Faience,images/625906.jpg
625904,Worker Shabti of Nauny,,Egyptian Art,ca. 1050 B.C.,Faience,images/625904.jpg
625941,Worker Shabti of Nauny,,Egyptian Art,ca. 1050 B.C.,Faience,images/625941.jpg
625940,Worker Shabti of Nauny,,Egyptian Art,ca. 1050 B.C.,Faience,images/625940.jpg
625950,Worker Shabti of Nauny,,Egyptian Art,ca. 1050 B.C.,Faience,images/625950.jpg
625949,Worker Shabti of Nauny,,Egyptian Art,ca. 1050 B.C.,Faience,images/625949.jpg
625947,Worker Shabti of Nauny,,Egyptian Art,ca. 1050 B.C.,Faience,images/625947.jpg
625944,Worker Shabti of Nauny,,Egyptian Art,ca. 1050 B.C.,Faience,images/625944.jpg
625948,Worker Shabti of Nauny,,Egyptian Art,ca. 1050 B.C.,Faience,images/625948.jpg
625960,Worker Shabti of Nauny,,Egyptian Art,ca. 1050 B.C.,Faience,images/625960.jpg
625943,Worker Shabti of Nauny,,Egyptian Art,ca. 1050 B.C.,Faience,images/625943.jpg
625951,Worker Shabti of Nauny,,Egyptian Art,ca. 1050 B.C.,Faience,images/625951.jpg
625946,Worker Shabti of Nauny,,Egyptian Art,ca. 1050 B.C.,Faience,images/625946.jpg
625961,Worker Shabti of Nauny,,Egyptian Art,ca. 1050 B.C.,Faience,images/625961.jpg
625945,Worker Shabti of Nauny,,Egyptian Art,ca. 1050 B.C.,Faience,images/625945.jpg
625939,Worker Shabti of Nauny,,Egyptian Art,ca. 1050 B.C.,Faience,images/625939.jpg
625942,Worker Shabti of Nauny,,Egyptian Art,ca. 1050 B.C.,Faience,images/625942.jpg
557576,Model Jar from a Foundation Deposit,,Egyptian Art,ca. 1479–1425 B.C.,"Travertine (Egyptian alabaster), paint",images/557576.jpg
557578,Model Dish from a Foundation Depsoit,,Egyptian Art,ca. 1479–1425 B.C.,"Travertine (Egyptian alabaster), paint",images/557578.jpg
545393,Stela of the Overseer of the Fortress Intef,,Egyptian Art,ca. 2000–1988 B.C.,Limestone,images/545393.jpg
39632,Seated luohan with a servant,,Asian Art,late 18th–early 19th century,Malachite,images/39632.jpg
448466,"""Hamid Bhakari Punished by Akbar"", Folio from a Manuscript of the Akbarnama. Folio from the Davis Album",Abu'l Fazl,Islamic Art,ca. 1604,"Ink, opaque watercolor, and gold on paper",images/448466.jpg
546316,Statue of the Steward Au,,Egyptian Art,ca. 1925–1900 B.C.,Limestone,images/546316.jpg
557155,Stela of Inamennayefnebu,,Egyptian Art,ca. 825–712 B.C.,"Wood, paste, paint",images/557155.jpg
282234,The Refectory of the Imperial Asylum at Vincennes,Charles Nègre,Photographs,1858–59,Salted paper print from glass negative,images/282234.jpg
189425,The Louis XV Room,Jean-François Roumier,European Sculpture and Decorative Arts,"ca. 1720–25, with later additions","Carved, painted and gilded oak",images/189425.jpg
251469,Terracotta amphora (jar),Praxias Group,Greek and Roman Art,early 5th century BCE,Terracotta,images/251469.jpg
371418,The Lictors Bringing Brutus the Bodies of his Sons,Jacques Louis David,Drawings and Prints,1787,"Black chalk, pen and black and brown ink, brush and gray and brown wash, heightened with white gouache",images/371418.jpg
29341,Snaffle Bit,,Arms and Armor,3rd century BCE,Copper alloy (bronze),images/29341.jpg
7366,"Secretary from the Jay Gould House, New York City",Herter Brothers,The American Wing,1882,"Ebonized cherry, mahogany, cedar, and brass",images/7366.jpg
550795,Ptah-Sokar-Osiris Figure of Pakherenkhonsu,,Egyptian Art,ca. 750–700 B.C.,"Wood, gesso, paint",images/550795.jpg
554782,Mud Brick Stamped with the Throne Names Aakheperkare (Thutmose I) and Maatkare (Hatshepsut),,Egyptian Art,ca. 1479–1458 B.C.,Mud,images/554782.jpg
560619,Mud Brick Stamped with the Royal Names of Aakheperkare (Thutmose I) and Maatkare (Hatshepsut),,Egyptian Art,ca. 1479–1458 B.C.,Mud,images/560619.jpg
545191,Funerary Papyrus of Nauny,,Egyptian Art,ca. 1050 B.C.,"Papyrus, paint",images/545191.jpg
196054,Standing cup with cover,Matthäus Baur II,European Sculpture and Decorative Arts,1695–1700,"Gold-ruby glass, silver-gilt mounts",images/196054.jpg
897907,Armchair,Eliphalet Chapin,The American Wing,ca. 1781,"Cherry, white pine, modern upholstery",images/897907.jpg
590593,Relief of Queen Neferu having her hair done,,Egyptian Art,ca. 2051–2030 B.C.,"Limestone, paint",images/590593.jpg
569711,"Amuletic plaque of Paser, the Vizier of Seti I and Ramesses II",Paser,Egyptian Art,ca. 1294–1213 B.C.,Faience,images/569711.jpg
329077,Head of a ruler,,Ancient West Asian Art,ca. 2300–2000 BCE,Copper alloy,images/329077.jpg
544740,Yuny and His Wife Renenutet,,Egyptian Art,ca. 1294–1279 B.C.,"Limestone, paint",images/544740.jpg
205107,The Composer André-Ernest-Modeste Grétry (1741–1813),Jean-Baptiste Stouf,European Sculpture and Decorative Arts,1804–8,Marble,images/205107.jpg
198869,"Jacobite ""amen"" glass",,European Sculpture and Decorative Arts,between 1720 and 1749,Glass,images/198869.jpg
446176,Page of Calligraphy from an Anthology of Poetry by Sa`di and Hafiz,Sa'di,Islamic Art,late 15th century,"Ink, opaque watercolor, silver, and gold on paper",images/446176.jpg
200668,Sabine Houdon (1787–1836),Jean Antoine Houdon,European Sculpture and Decorative Arts,1788,White marble on gray marble socle,images/200668.jpg
188442,Ferdinand Victor Eugène Delacroix (1798–1863),Pierre Jean David d'Angers,European Sculpture and Decorative Arts,1828,"Bronze, brown patina",images/188442.jpg
194960,Vase,Haviland & Co.,European Sculpture and Decorative Arts,1882–86,"Stoneware, clay, gilt",images/194960.jpg
239487,Vase with goat masks,Christopher Dresser,European Sculpture and Decorative Arts,ca. 1894,Stoneware,images/239487.jpg
329790,Shabti of Shedsuhori,,Egyptian Art,ca. 980–930 B.C.,Faience,images/329790.jpg
435683,Island of the Dead,Arnold Böcklin,European Paintings,1880,Oil on wood,images/435683.jpg
231925,Armchair (one of a pair) (part of a set),Johann Michael Bauer,European Sculpture and Decorative Arts,ca. 1763–64,"Carved, painted and gilded limewood; squab pillow in silk velvet (not original)",images/231925.jpg
231926,Armchair (one of a pair) (part of a set),Johann Michael Bauer,European Sculpture and Decorative Arts,ca. 1763–64,"Carved, painted and gilded limewood; squab pillow in silk velvet (not original)",images/231926.jpg
231922,Side chair (one of four) (part of a set),Johann Michael Bauer,European Sculpture and Decorative Arts,ca. 1763–64,"Carved, painted and gilded limewood; squab pillow in silk velvet (not original)",images/231922.jpg
231924,Side chair (one of four) (part of a set),Johann Michael Bauer,European Sculpture and Decorative Arts,ca. 1763–64,"Carved, painted and gilded limewood; squab pillow in silk velvet (not original)",images/231924.jpg
193674,Reliquary,,European Sculpture and Decorative Arts,16th century,"Gold, rock crystal, enamel",images/193674.jpg
29346,Curb Bit,,Arms and Armor,1st century BCE–1st century CE,"Copper alloy (bronze), iron alloy",images/29346.jpg
231923,Side chair (one of four) (part of a set),Johann Michael Bauer,European Sculpture and Decorative Arts,ca. 1763–64,"Carved, painted and gilded limewood; squab pillow in silk velvet (not original)",images/231923.jpg
545217,Scarab of an Official,,Egyptian Art,ca. 1760–1670 B.C.,Green glazed steatite,images/545217.jpg
545233,Scarab of an Official,,Egyptian Art,ca. 1740–1640 B.C.,Bright blue glazed steatite,images/545233.jpg
545695,Scarab of an Official,,Egyptian Art,ca. 1760–1670 B.C.,Steatite,images/545695.jpg
545694,Scarab of an Official,,Egyptian Art,ca. 1740–1640 B.C.,Steatite,images/545694.jpg
557044,Scarab of an Official,,Egyptian Art,ca. 1760–1670 B.C.,Green glazed steatite,images/557044.jpg
557043,Scarab of an Official,,Egyptian Art,ca. 1740–1640 B.C.,Glazed steatite,images/557043.jpg
544273,Funerary stela of the bowman Semin,,Egyptian Art,ca. 2120–2051 B.C.,"Limestone, paint",images/544273.jpg
556252,Scarab of the Overseer of the Troops Sebeknakht,,Egyptian Art,ca. 1760–1670 B.C.,Glazed steatite,images/556252.jpg
625731,Worker Shabti of Nauny,,Egyptian Art,ca. 1050 B.C.,Faience,images/625731.jpg
625833,Worker Shabti of Nauny,,Egyptian Art,ca. 1050 B.C.,Faience,images/625833.jpg
625827,Overseer Shabti of Nauny,,Egyptian Art,ca. 1050 B.C.,Faience,images/625827.jpg
625826,Overseer Shabti of Nauny,,Egyptian Art,ca. 1050 B.C.,Faience,images/625826.jpg
625899,Worker Shabti of Nauny,,Egyptian Art,ca. 1050 B.C.,Faience,images/625899.jpg
625916,Overseer Shabti of Nauny,,Egyptian Art,ca. 1050 B.C.,Faience,images/625916.jpg
436785,Honfleur,Johan Barthold Jongkind,European Paintings,1865,Oil on canvas,images/436785.jpg
73554,"“The Tiger of Ryōkoku,” from the series True Scenes by Hirokage",Utagawa Hirokage,Asian Art,"8th month, 1860",Woodblock print; ink and color on paper,images/73554.jpg
39569,Eighteen Songs of a Nomad Flute: The Story of Lady Wenji,Unidentified artist,Asian Art,early 15th century,"Handscroll; ink, color, and gold on silk",images/39569.jpg
753909,"Who says, Parisians are never satisfied!, from 'Theater sketches,' published in Le Charivari, February 13, 1864",Honoré Daumier,Drawings and Prints,"February 13, 1864",Lithograph on newsprint; second state of two (Delteil),images/753909.jpg
436653,Woodland Road,Meyndert Hobbema,European Paintings,ca. 1670,Oil on canvas,images/436653.jpg
548585,Osiride Figure of Kenamun,,Egyptian Art,ca. 1427–1400 B.C.,"Wood, paint",images/548585.jpg
437609,The Holy Family with the Young Saint John the Baptist,Andrea del Sarto (Andrea d'Agnolo),European Paintings,ca. 1528,Oil on wood,images/437609.jpg
591138,Head of a lion,,Egyptian Art,400–300 B.C.,Gypsum plaster,images/591138.jpg
449311,Seal Stone,,Islamic Art,10th–11th century,Lapis lazuli,images/449311.jpg
437422,Charity,Guido Reni,European Paintings,ca. 1630,Oil on canvas,images/437422.jpg
206965,Longcase astronomical regulator,Ferdinand Berthoud,European Sculpture and Decorative Arts,ca. 1768–70,"Case: oak veneered with ebony and brass, with gilt-bronze mounts; Dial: white enamel; Movement: gilded brass and steel",images/206965.jpg
207247,Shoulao,Chantilly,European Sculpture and Decorative Arts,ca. 1735–40,Tin-glazed soft-paste porcelain decorataed in polychrome enamels,images/207247.jpg
248166,Terracotta statuette of a standing woman,,Greek and Roman Art,late 4th–early 3rd century BCE,Terracotta,images/248166.jpg
317877,Processional Cross,Northern Highlands artist,The Michael C. Rockefeller Wing,14th–15th century,Brass,images/317877.jpg
196378,"Louis Nicolas Victor de Félix, Comte du Muy and Marshal of France (1711–1775)",Jean Jacques Caffiéri,European Sculpture and Decorative Arts,1776,Marble,images/196378.jpg
544320,Stela of the Steward Mentuwoser,,Egyptian Art,ca. 1944 B.C.,"Limestone, paint",images/544320.jpg
42743,Armchair,,Asian Art,17th century,Purple sandalwood (zitan),images/42743.jpg
467608,Panagiarion with the Virgin and Child and the Three Angels at Mamre (interior) and the Crucifixion and Three Church Fathers (exterior),,Medieval Art,ca. 1500 or later,"Wood, stained, silver-gilt, pearls and garnet",images/467608.jpg
549245,"Shabti of Paser, the Vizier of Seti I and Ramesses II",Paser,Egyptian Art,ca. 1294–1213 B.C.,Faience,images/549245.jpg
625917,Worker Shabti of Nauny,,Egyptian Art,ca. 1050 B.C.,Faience,images/625917.jpg
587039,Worker Shabti of Nauny,,Egyptian Art,ca. 1050 B.C.,Faience,images/587039.jpg
587036,Worker Shabti of Nauny,,Egyptian Art,ca. 1050 B.C.,Faience,images/587036.jpg
587040,Worker Shabti of Nauny,,Egyptian Art,ca. 1050 B.C.,Faience,images/587040.jpg
587037,Worker Shabti of Nauny,,Egyptian Art,ca. 1050 B.C.,Faience,images/587037.jpg
587034,Overseer Shabti of Nauny,,Egyptian Art,ca. 1050 B.C.,Faience,images/587034.jpg
587035,Worker Shabti of Nauny,,Egyptian Art,ca. 1050 B.C.,Faience,images/587035.jpg
587038,Worker Shabti of Nauny,,Egyptian Art,ca. 1050 B.C.,Faience,images/587038.jpg
551114,Overseer Shabti of Nauny,,Egyptian Art,ca. 1050 B.C.,Faience,images/551114.jpg
625725,Worker Shabti of Nauny,,Egyptian Art,ca. 1050 B.C.,Faience,images/625725.jpg
625713,Worker Shabti of Nauny,,Egyptian Art,ca. 1050 B.C.,Faience,images/625713.jpg
625710,Worker Shabti of Nauny,,Egyptian Art,ca. 1050 B.C.,Faience,images/625710.jpg
625712,Worker Shabti of Nauny,,Egyptian Art,ca. 1050 B.C.,Faience,images/625712.jpg
625711,Worker Shabti of Nauny,,Egyptian Art,ca. 1050 B.C.,Faience,images/625711.jpg
625720,Worker Shabti of Nauny,,Egyptian Art,ca. 1050 B.C.,Faience,images/625720.jpg
625727,Worker Shabti of Nauny,,Egyptian Art,ca. 1050 B.C.,Faience,images/625727.jpg
625707,Worker Shabti of Nauny,,Egyptian Art,ca. 1050 B.C.,Faience,images/625707.jpg
625757,Overseer Shabti of Nauny,,Egyptian Art,ca. 1050 B.C.,Faience,images/625757.jpg
625726,Worker Shabti of Nauny,,Egyptian Art,ca. 1050 B.C.,Faience,images/625726.jpg
625708,Worker Shabti of Nauny,,Egyptian Art,ca. 1050 B.C.,Faience,images/625708.jpg
625709,Worker Shabti of Nauny,,Egyptian Art,ca. 1050 B.C.,Faience,images/625709.jpg
625719,Worker Shabti of Nauny,,Egyptian Art,ca. 1050 B.C.,Faience,images/625719.jpg
625721,Worker Shabti of Nauny,,Egyptian Art,ca. 1050 B.C.,Faience,images/625721.jpg
625722,Worker Shabti of Nauny,,Egyptian Art,ca. 1050 B.C.,Faience,images/625722.jpg
625717,Worker Shabti of Nauny,,Egyptian Art,ca. 1050 B.C.,Faience,images/625717.jpg
625758,Overseer Shabti of Nauny,,Egyptian Art,ca. 1050 B.C.,Faience,images/625758.jpg
625715,Worker Shabti of Nauny,,Egyptian Art,ca. 1050 B.C.,Faience,images/625715.jpg
625718,Worker Shabti of Nauny,,Egyptian Art,ca. 1050 B.C.,Faience,images/625718.jpg
625729,Worker Shabti of Nauny,,Egyptian Art,ca. 1050 B.C.,Faience,images/625729.jpg
625716,Worker Shabti of Nauny,,Egyptian Art,ca. 1050 B.C.,Faience,images/625716.jpg
625714,Worker Shabti of Nauny,,Egyptian Art,ca. 1050 B.C.,Faience,images/625714.jpg
625723,Worker Shabti of Nauny,,Egyptian Art,ca. 1050 B.C.,Faience,images/625723.jpg
625756,Overseer Shabti of Nauny,,Egyptian Art,ca. 1050 B.C.,Faience,images/625756.jpg
625724,Worker Shabti of Nauny,,Egyptian Art,ca. 1050 B.C.,Faience,images/625724.jpg
625728,Worker Shabti of Nauny,,Egyptian Art,ca. 1050 B.C.,Faience,images/625728.jpg
625730,Worker Shabti of Nauny,,Egyptian Art,ca. 1050 B.C.,Faience,images/625730.jpg
625777,Worker Shabti of Nauny,,Egyptian Art,ca. 1050 B.C.,Faience,images/625777.jpg
625760,Overseer Shabti of Nauny,,Egyptian Art,ca. 1050 B.C.,Faience,images/625760.jpg
625782,Worker Shabti of Nauny,,Egyptian Art,ca. 1050 B.C.,Faience,images/625782.jpg
625806,Worker Shabti of Nauny,,Egyptian Art,ca. 1050 B.C.,Faience,images/625806.jpg
625759,Overseer Shabti of Nauny,,Egyptian Art,ca. 1050 B.C.,Faience,images/625759.jpg
625796,Worker Shabti of Nauny,,Egyptian Art,ca. 1050 B.C.,Faience,images/625796.jpg
625780,Worker Shabti of Nauny,,Egyptian Art,ca. 1050 B.C.,Faience,images/625780.jpg
625790,Worker Shabti of Nauny,,Egyptian Art,ca. 1050 B.C.,Faience,images/625790.jpg
625773,Worker Shabti of Nauny,,Egyptian Art,ca. 1050 B.C.,Faience,images/625773.jpg
625775,Worker Shabti of Nauny,,Egyptian Art,ca. 1050 B.C.,Faience,images/625775.jpg
625779,Worker Shabti of Nauny,,Egyptian Art,ca. 1050 B.C.,Faience,images/625779.jpg
625767,Worker Shabti of Nauny,,Egyptian Art,ca. 1050 B.C.,Faience,images/625767.jpg
625761,Worker Shabti of Nauny,,Egyptian Art,ca. 1050 B.C.,Faience,images/625761.jpg
625772,Worker Shabti of Nauny,,Egyptian Art,ca. 1050 B.C.,Faience,images/625772.jpg
625808,Worker Shabti of Nauny,,Egyptian Art,ca. 1050 B.C.,Faience,images/625808.jpg
625802,Worker Shabti of Nauny,,Egyptian Art,ca. 1050 B.C.,Faience,images/625802.jpg
625778,Worker Shabti of Nauny,,Egyptian Art,ca. 1050 B.C.,Faience,images/625778.jpg
625786,Worker Shabti of Nauny,,Egyptian Art,ca. 1050 B.C.,Faience,images/625786.jpg
625797,Worker Shabti of Nauny,,Egyptian Art,ca. 1050 B.C.,Faience,images/625797.jpg
625765,Worker Shabti of Nauny,,Egyptian Art,ca. 1050 B.C.,Faience,images/625765.jpg
625774,Worker Shabti of Nauny,,Egyptian Art,ca. 1050 B.C.,Faience,images/625774.jpg
625764,Worker Shabti of Nauny,,Egyptian Art,ca. 1050 B.C.,Faience,images/625764.jpg
625791,Worker Shabti of Nauny,,Egyptian Art,ca. 1050 B.C.,Faience,images/625791.jpg
625792,Worker Shabti of Nauny,,Egyptian Art,ca. 1050 B.C.,Faience,images/625792.jpg
625785,Worker Shabti of Nauny,,Egyptian Art,ca. 1050 B.C.,Faience,images/625785.jpg
625795,Worker Shabti of Nauny,,Egyptian Art,ca. 1050 B.C.,Faience,images/625795.jpg
625771,Worker Shabti of Nauny,,Egyptian Art,ca. 1050 B.C.,Faience,images/625771.jpg
625766,Worker Shabti of Nauny,,Egyptian Art,ca. 1050 B.C.,Faience,images/625766.jpg
625784,Worker Shabti of Nauny,,Egyptian Art,ca. 1050 B.C.,Faience,images/625784.jpg
625793,Worker Shabti of Nauny,,Egyptian Art,ca. 1050 B.C.,Faience,images/625793.jpg
625762,Worker Shabti of Nauny,,Egyptian Art,ca. 1050 B.C.,Faience,images/625762.jpg
625799,Worker Shabti of Nauny,,Egyptian Art,ca. 1050 B.C.,Faience,images/625799.jpg
625803,Worker Shabti of Nauny,,Egyptian Art,ca. 1050 B.C.,Faience,images/625803.jpg
625763,Worker Shabti of Nauny,,Egyptian Art,ca. 1050 B.C.,Faience,images/625763.jpg
625768,Worker Shabti of Nauny,,Egyptian Art,ca. 1050 B.C.,Faience,images/625768.jpg
625794,Worker Shabti of Nauny,,Egyptian Art,ca. 1050 B.C.,Faience,images/625794.jpg
625789,Worker Shabti of Nauny,,Egyptian Art,ca. 1050 B.C.,Faience,images/625789.jpg
625770,Worker Shabti of Nauny,,Egyptian Art,ca. 1050 B.C.,Faience,images/625770.jpg
625776,Worker Shabti of Nauny,,Egyptian Art,ca. 1050 B.C.,Faience,images/625776.jpg
625781,Worker Shabti of Nauny,,Egyptian Art,ca. 1050 B.C.,Faience,images/625781.jpg
625787,Worker Shabti of Nauny,,Egyptian Art,ca. 1050 B.C.,Faience,images/625787.jpg
625798,Worker Shabti of Nauny,,Egyptian Art,ca. 1050 B.C.,Faience,images/625798.jpg
625769,Worker Shabti of Nauny,,Egyptian Art,ca. 1050 B.C.,Faience,images/625769.jpg
625800,Worker Shabti of Nauny,,Egyptian Art,ca. 1050 B.C.,Faience,images/625800.jpg
625801,Worker Shabti of Nauny,,Egyptian Art,ca. 1050 B.C.,Faience,images/625801.jpg
625788,Worker Shabti of Nauny,,Egyptian Art,ca. 1050 B.C.,Faience,images/625788.jpg
625805,Worker Shabti of Nauny,,Egyptian Art,ca. 1050 B.C.,Faience,images/625805.jpg
625807,Worker Shabti of Nauny,,Egyptian Art,ca. 1050 B.C.,Faience,images/625807.jpg
625783,Worker Shabti of Nauny,,Egyptian Art,ca. 1050 B.C.,Faience,images/625783.jpg
625804,Worker Shabti of Nauny,,Egyptian Art,ca. 1050 B.C.,Faience,images/625804.jpg
625809,Worker Shabti of Nauny,,Egyptian Art,ca. 1050 B.C.,Faience,images/625809.jpg
625832,Worker Shabti of Nauny,,Egyptian Art,ca. 1050 B.C.,Faience,images/625832.jpg
625855,Worker Shabti of Nauny,,Egyptian Art,ca. 1050 B.C.,Faience,images/625855.jpg
625838,Worker Shabti of Nauny,,Egyptian Art,ca. 1050 B.C.,Faience,images/625838.jpg
625843,Worker Shabti of Nauny,,Egyptian Art,ca. 1050 B.C.,Faience,images/625843.jpg
625845,Worker Shabti of Nauny,,Egyptian Art,ca. 1050 B.C.,Faience,images/625845.jpg
625841,Worker Shabti of Nauny,,Egyptian Art,ca. 1050 B.C.,Faience,images/625841.jpg
625836,Worker Shabti of Nauny,,Egyptian Art,ca. 1050 B.C.,Faience,images/625836.jpg
625849,Worker Shabti of Nauny,,Egyptian Art,ca. 1050 B.C.,Faience,images/625849.jpg
625851,Worker Shabti of Nauny,,Egyptian Art,ca. 1050 B.C.,Faience,images/625851.jpg
625839,Worker Shabti of Nauny,,Egyptian Art,ca. 1050 B.C.,Faience,images/625839.jpg
625834,Worker Shabti of Nauny,,Egyptian Art,ca. 1050 B.C.,Faience,images/625834.jpg
625835,Worker Shabti of Nauny,,Egyptian Art,ca. 1050 B.C.,Faience,images/625835.jpg
625850,Worker Shabti of Nauny,,Egyptian Art,ca. 1050 B.C.,Faience,images/625850.jpg
625848,Worker Shabti of Nauny,,Egyptian Art,ca. 1050 B.C.,Faience,images/625848.jpg
625837,Worker Shabti of Nauny,,Egyptian Art,ca. 1050 B.C.,Faience,images/625837.jpg
625847,Worker Shabti of Nauny,,Egyptian Art,ca. 1050 B.C.,Faience,images/625847.jpg
625853,Worker Shabti of Nauny,,Egyptian Art,ca. 1050 B.C.,Faience,images/625853.jpg
625840,Worker Shabti of Nauny,,Egyptian Art,ca. 1050 B.C.,Faience,images/625840.jpg
625854,Worker Shabti of Nauny,,Egyptian Art,ca. 1050 B.C.,Faience,images/625854.jpg
625846,Worker Shabti of Nauny,,Egyptian Art,ca. 1050 B.C.,Faience,images/625846.jpg
625829,Worker Shabti of Nauny,,Egyptian Art,ca. 1050 B.C.,Faience,images/625829.jpg
625862,Overseer Shabti of Nauny,,Egyptian Art,ca. 1050 B.C.,Faience,images/625862.jpg
625852,Worker Shabti of Nauny,,Egyptian Art,ca. 1050 B.C.,Faience,images/625852.jpg
625824,Overseer Shabti of Nauny,,Egyptian Art,ca. 1050 B.C.,Faience,images/625824.jpg
625842,Worker Shabti of Nauny,,Egyptian Art,ca. 1050 B.C.,Faience,images/625842.jpg
625844,Worker Shabti of Nauny,,Egyptian Art,ca. 1050 B.C.,Faience,images/625844.jpg
625873,Worker Shabti of Nauny,,Egyptian Art,ca. 1050 B.C.,Faience,images/625873.jpg
625876,Worker Shabti of Nauny,,Egyptian Art,ca. 1050 B.C.,Faience,images/625876.jpg
625870,Worker Shabti of Nauny,,Egyptian Art,ca. 1050 B.C.,Faience,images/625870.jpg
625863,Overseer Shabti of Nauny,,Egyptian Art,ca. 1050 B.C.,Faience,images/625863.jpg
625891,Worker Shabti of Nauny,,Egyptian Art,ca. 1050 B.C.,Faience,images/625891.jpg
625896,Worker Shabti of Nauny,,Egyptian Art,ca. 1050 B.C.,Faience,images/625896.jpg
625879,Worker Shabti of Nauny,,Egyptian Art,ca. 1050 B.C.,Faience,images/625879.jpg
625887,Worker Shabti of Nauny,,Egyptian Art,ca. 1050 B.C.,Faience,images/625887.jpg
625881,Worker Shabti of Nauny,,Egyptian Art,ca. 1050 B.C.,Faience,images/625881.jpg
625864,Overseer Shabti of Nauny,,Egyptian Art,ca. 1050 B.C.,Faience,images/625864.jpg
625892,Worker Shabti of Nauny,,Egyptian Art,ca. 1050 B.C.,Faience,images/625892.jpg
625866,Overseer Shabti of Nauny,,Egyptian Art,ca. 1050 B.C.,Faience,images/625866.jpg
625867,Worker Shabti of Nauny,,Egyptian Art,ca. 1050 B.C.,Faience,images/625867.jpg
625888,Worker Shabti of Nauny,,Egyptian Art,ca. 1050 B.C.,Faience,images/625888.jpg
625898,Worker Shabti of Nauny,,Egyptian Art,ca. 1050 B.C.,Faience,images/625898.jpg
625872,Worker Shabti of Nauny,,Egyptian Art,ca. 1050 B.C.,Faience,images/625872.jpg
625897,Worker Shabti of Nauny,,Egyptian Art,ca. 1050 B.C.,Faience,images/625897.jpg
625893,Worker Shabti of Nauny,,Egyptian Art,ca. 1050 B.C.,Faience,images/625893.jpg
625865,Overseer Shabti of Nauny,,Egyptian Art,ca. 1050 B.C.,Faience,images/625865.jpg
625877,Worker Shabti of Nauny,,Egyptian Art,ca. 1050 B.C.,Faience,images/625877.jpg
625886,Worker Shabti of Nauny,,Egyptian Art,ca. 1050 B.C.,Faience,images/625886.jpg
625875,Worker Shabti of Nauny,,Egyptian Art,ca. 1050 B.C.,Faience,images/625875.jpg
625884,Worker Shabti of Nauny,,Egyptian Art,ca. 1050 B.C.,Faience,images/625884.jpg
625878,Worker Shabti of Nauny,,Egyptian Art,ca. 1050 B.C.,Faience,images/625878.jpg
625882,Worker Shabti of Nauny,,Egyptian Art,ca. 1050 B.C.,Faience,images/625882.jpg
625895,Worker Shabti of Nauny,,Egyptian Art,ca. 1050 B.C.,Faience,images/625895.jpg
625871,Worker Shabti of Nauny,,Egyptian Art,ca. 1050 B.C.,Faience,images/625871.jpg
625874,Worker Shabti of Nauny,,Egyptian Art,ca. 1050 B.C.,Faience,images/625874.jpg
625914,Overseer Shabti of Nauny,,Egyptian Art,ca. 1050 B.C.,Faience,images/625914.jpg
625883,Worker Shabti of Nauny,,Egyptian Art,ca. 1050 B.C.,Faience,images/625883.jpg
625869,Worker Shabti of Nauny,,Egyptian Art,ca. 1050 B.C.,Faience,images/625869.jpg
625890,Worker Shabti of Nauny,,Egyptian Art,ca. 1050 B.C.,Faience,images/625890.jpg
625885,Worker Shabti of Nauny,,Egyptian Art,ca. 1050 B.C.,Faience,images/625885.jpg
625880,Worker Shabti of Nauny,,Egyptian Art,ca. 1050 B.C.,Faience,images/625880.jpg
625894,Worker Shabti of Nauny,,Egyptian Art,ca. 1050 B.C.,Faience,images/625894.jpg
625673,Overseer Shabti of Nauny,,Egyptian Art,ca. 1050 B.C.,Faience,images/625673.jpg
625694,Worker Shabti of Nauny,,Egyptian Art,ca. 1050 B.C.,Faience,images/625694.jpg
625685,Worker Shabti of Nauny,,Egyptian Art,ca. 1050 B.C.,Faience,images/625685.jpg
625667,Overseer Shabti of Nauny,,Egyptian Art,ca. 1050 B.C.,Faience,images/625667.jpg
625682,Worker Shabti of Nauny,,Egyptian Art,ca. 1050 B.C.,Faience,images/625682.jpg
625672,Overseer Shabti of Nauny,,Egyptian Art,ca. 1050 B.C.,Faience,images/625672.jpg
625681,Worker Shabti of Nauny,,Egyptian Art,ca. 1050 B.C.,Faience,images/625681.jpg
625699,Worker Shabti of Nauny,,Egyptian Art,ca. 1050 B.C.,Faience,images/625699.jpg
625677,Overseer Shabti of Nauny,,Egyptian Art,ca. 1050 B.C.,Faience,images/625677.jpg
625679,Worker Shabti of Nauny,,Egyptian Art,ca. 1050 B.C.,Faience,images/625679.jpg
625670,Worker Shabti of Nauny,,Egyptian Art,ca. 1050 B.C.,Faience,images/625670.jpg
625693,Worker Shabti of Nauny,,Egyptian Art,ca. 1050 B.C.,Faience,images/625693.jpg
625686,Worker Shabti of Nauny,,Egyptian Art,ca. 1050 B.C.,Faience,images/625686.jpg
625687,Worker Shabti of Nauny,,Egyptian Art,ca. 1050 B.C.,Faience,images/625687.jpg
625675,Overseer Shabti of Nauny,,Egyptian Art,ca. 1050 B.C.,Faience,images/625675.jpg
625690,Worker Shabti of Nauny,,Egyptian Art,ca. 1050 B.C.,Faience,images/625690.jpg
625705,Worker Shabti of Nauny,,Egyptian Art,ca. 1050 B.C.,Faience,images/625705.jpg
625700,Worker Shabti of Nauny,,Egyptian Art,ca. 1050 B.C.,Faience,images/625700.jpg
625696,Worker Shabti of Nauny,,Egyptian Art,ca. 1050 B.C.,Faience,images/625696.jpg
625706,Worker Shabti of Nauny,,Egyptian Art,ca. 1050 B.C.,Faience,images/625706.jpg
625678,Overseer Shabti of Nauny,,Egyptian Art,ca. 1050 B.C.,Faience,images/625678.jpg
625668,Worker Shabti of Nauny,,Egyptian Art,ca. 1050 B.C.,Faience,images/625668.jpg
625674,Overseer Shabti of Nauny,,Egyptian Art,ca. 1050 B.C.,Faience,images/625674.jpg
625701,Worker Shabti of Nauny,,Egyptian Art,ca. 1050 B.C.,Faience,images/625701.jpg
625702,Worker Shabti of Nauny,,Egyptian Art,ca. 1050 B.C.,Faience,images/625702.jpg
625676,Overseer Shabti of Nauny,,Egyptian Art,ca. 1050 B.C.,Faience,images/625676.jpg
625695,Worker Shabti of Nauny,,Egyptian Art,ca. 1050 B.C.,Faience,images/625695.jpg
625669,Worker Shabti of Nauny,,Egyptian Art,ca. 1050 B.C.,Faience,images/625669.jpg
625689,Worker Shabti of Nauny,,Egyptian Art,ca. 1050 B.C.,Faience,images/625689.jpg
625688,Worker Shabti of Nauny,,Egyptian Art,ca. 1050 B.C.,Faience,images/625688.jpg
625698,Worker Shabti of Nauny,,Egyptian Art,ca. 1050 B.C.,Faience,images/625698.jpg
625684,Worker Shabti of Nauny,,Egyptian Art,ca. 1050 B.C.,Faience,images/625684.jpg
625703,Worker Shabti of Nauny,,Egyptian Art,ca. 1050 B.C.,Faience,images/625703.jpg
625697,Worker Shabti of Nauny,,Egyptian Art,ca. 1050 B.C.,Faience,images/625697.jpg
625704,Worker Shabti of Nauny,,Egyptian Art,ca. 1050 B.C.,Faience,images/625704.jpg
625683,Worker Shabti of Nauny,,Egyptian Art,ca. 1050 B.C.,Faience,images/625683.jpg
625671,Worker Shabti of Nauny,,Egyptian Art,ca. 1050 B.C.,Faience,images/625671.jpg
625889,Worker Shabti of Nauny,,Egyptian Art,ca. 1050 B.C.,Faience,images/625889.jpg
625868,Worker Shabti of Nauny,,Egyptian Art,ca. 1050 B.C.,Faience,images/625868.jpg
625929,Worker Shabti of Nauny,,Egyptian Art,ca. 1050 B.C.,Faience,images/625929.jpg
625932,Worker Shabti of Nauny,,Egyptian Art,ca. 1050 B.C.,Faience,images/625932.jpg
625924,Worker Shabti of Nauny,,Egyptian Art,ca. 1050 B.C.,Faience,images/625924.jpg
625920,Worker Shabti of Nauny,,Egyptian Art,ca. 1050 B.C.,Faience,images/625920.jpg
625921,Worker Shabti of Nauny,,Egyptian Art,ca. 1050 B.C.,Faience,images/625921.jpg
625936,Worker Shabti of Nauny,,Egyptian Art,ca. 1050 B.C.,Faience,images/625936.jpg
625935,Worker Shabti of Nauny,,Egyptian Art,ca. 1050 B.C.,Faience,images/625935.jpg
625922,Worker Shabti of Nauny,,Egyptian Art,ca. 1050 B.C.,Faience,images/625922.jpg
625923,Worker Shabti of Nauny,,Egyptian Art,ca. 1050 B.C.,Faience,images/625923.jpg
625930,Worker Shabti of Nauny,,Egyptian Art,ca. 1050 B.C.,Faience,images/625930.jpg
625918,Worker Shabti of Nauny,,Egyptian Art,ca. 1050 B.C.,Faience,images/625918.jpg
625934,Worker Shabti of Nauny,,Egyptian Art,ca. 1050 B.C.,Faience,images/625934.jpg
625937,Worker Shabti of Nauny,,Egyptian Art,ca. 1050 B.C.,Faience,images/625937.jpg
625927,Worker Shabti of Nauny,,Egyptian Art,ca. 1050 B.C.,Faience,images/625927.jpg
625938,Worker Shabti of Nauny,,Egyptian Art,ca. 1050 B.C.,Faience,images/625938.jpg
625915,Overseer Shabti of Nauny,,Egyptian Art,ca. 1050 B.C.,Faience,images/625915.jpg
625926,Worker Shabti of Nauny,,Egyptian Art,ca. 1050 B.C.,Faience,images/625926.jpg
625931,Worker Shabti of Nauny,,Egyptian Art,ca. 1050 B.C.,Faience,images/625931.jpg
625925,Worker Shabti of Nauny,,Egyptian Art,ca. 1050 B.C.,Faience,images/625925.jpg
625928,Worker Shabti of Nauny,,Egyptian Art,ca. 1050 B.C.,Faience,images/625928.jpg
625933,Worker Shabti of Nauny,,Egyptian Art,ca. 1050 B.C.,Faience,images/625933.jpg
625919,Worker Shabti of Nauny,,Egyptian Art,ca. 1050 B.C.,Faience,images/625919.jpg
447806,Man in a Long-sleeved Coat,Riza-yi 'Abbasi,Islamic Art,ca. 1598,Ink on paper,images/447806.jpg
437340,"Charles Maurice de Talleyrand Périgord (1754–1838), Prince de Talleyrand",Pierre Paul Prud'hon,European Paintings,1817,Oil on canvas,images/437340.jpg
545394,"Relief showing Khety’s hand, with a graffito of Ramesside date",,Egyptian Art,ca. 2051–2000 B.C.,"Limestone, paint",images/545394.jpg
544208,Part of the shrine of Queen Henhenet,,Egyptian Art,ca. 2051–2030 B.C.,"Limestone, paint",images/544208.jpg
470826,Scene from the Legend of the True Cross,,The Cloisters,second half 14th century,Stone,images/470826.jpg
470827,Scene from the Legend of the True Cross,,The Cloisters,second half 14th century,Stone,images/470827.jpg
57011,"Jihei of Kamiya Eloping with the Geisha Koharu of Kinokuniya, from the series “True Feelings Compared: The Founts of Love” (Jitsu kurabe iro no Minakami)",Kitagawa Utamaro,Asian Art,ca. 1798–99,Woodblock print; ink and color on paper,images/57011.jpg
738366,"True Image of the Lord of Chalma, Christ crucified",José Guadalupe Posada,Drawings and Prints,ca. 1903,Type-metal engraving and letterpress on tan paper,images/738366.jpg
45356,True Reflections on the Life and Manners of a Woman (Ehon Masukagami) 絵本十寸鏡,Nishikawa Sukenobu 西川祐信,Asian Art,"1748, 1st month",Woodblock printed book; ink on paper,images/45356.jpg
78700,True Depictions of Bird and Flower Pictures (Kachōe shashin zui) 花鳥写真図彙; 花鳥写真図会(かちょうえ しゃしん ずえ),Kitao Shigemasa 北尾重政,Asian Art,"1805, first month (Bunka 2)",Set of three woodblock printed books; ink on paper,images/78700.jpg
340809,The Discovery of the True Cross,Moncalvo (Guglielmo Caccia),Drawings and Prints,1568–1625,"Pen and brown ink, brush and brown wash, over slight traces of black chalk",images/340809.jpg
45475,"Two actors, from the series Musical Program of True Love (Ongyoku hiyoku no bangumi) 音曲比翼の番組",Kitagawa Utamaro 喜多川歌麿,Asian Art,ca. 1800 (Kansei 12),Woodblock print (nishiki-e); ink and color on pape,images/45475.jpg
449312,Seal Stone,,Islamic Art,10th–11th century,Carnelian; incised,images/449312.jpg
544772,Pectoral of Mutnefret,,Egyptian Art,ca. 1295–1070 B.C.,Faience,images/544772.jpg
205883,Guanyin,Meissen Manufactory,European Sculpture and Decorative Arts,1710–13,Red stoneware with gilding,images/205883.jpg
321287,Curved Ear Ornament (Kapeu),,The Michael C. Rockefeller Wing,18th–early 19th century,Greenstone (nephrite),images/321287.jpg
751901,Tunic,Inca artist(s),The Michael C. Rockefeller Wing,1400–1535 CE,Camelid fiber,images/751901.jpg
37947,Rama Releases the Demon Spies Shuka and Sarana: Folio from the Siege of Lanka series,Manaku,Asian Art,ca. 1725,"Opaque watercolor, ink and gold on paper",images/37947.jpg
786771,"The True Method of Sitting a Horse, Mathematically Delineated",Thomas Rowlandson,Drawings and Prints,1809,Hand-colored etching,images/786771.jpg
466561,Relief with Scene from the Legend of the True Cross,,Medieval Art,ca. 1400,Marble,images/466561.jpg
550789,Stela of the God's-Father of Amun Pakeshi,,Egyptian Art,ca. 750–525 B.C.,"Wood, gesso, paint",images/550789.jpg
451747,Hanging Lamp,,Islamic Art,10th–11th century,"Glass, colorless with green tinge; blown, applied handles",images/451747.jpg
195933,Beaker,,European Sculpture and Decorative Arts,ca. 1725,Zwischengold glass,images/195933.jpg
544499,Stela with Taweret and Mut of Isheru,,Egyptian Art,ca. 1390–1352 BCE,"Limestone, paint",images/544499.jpg
360859,Woman of Virginia,Wenceslaus Hollar,Drawings and Prints,ca. 1644,Etching; only state,images/360859.jpg
337950,The Sudarium,Hans Schlaffer of Ulm,Drawings and Prints,ca. 1470–75,Hand-colored woodcut,images/337950.jpg
759520,"Plate 35: Robert Macaire schismatic, from 'Caricaturana,' published in Les Robert Macaires",Honoré Daumier,Drawings and Prints,1838,Color lithograph on wove paper; second state of two (Delteil),images/759520.jpg
815745,Saint Helen finding the true cross,Jerôme David,Drawings and Prints,1625–47,Engraving,images/815745.jpg
